,,0
0,Dreaming of Joseph Lees,22
1,"First Love, Last Rites",22
2,Sphinx,34
3,Dolphins and Whales: Tribes of the Ocean,15
4,Ayurveda: Art of Being,3
5,Bathing Beauty,37
6,Faithful,12
7,The Nutcracker,19
8,Burn,15
9,"Pink Ribbons, Inc.",15
10,Alexander's Ragtime Band,22
11,Heartbeeps,19
12,Eye of the Dolphin,20
13,Opal Dream,26
14,A Guy Named Joe,23
15,Boom Town,23
16,Solomon and Sheba,23
17,"An Alan Smithee Film: Burn, Hollywood, Burn",37
18,The Perez Family,23
19,The Opposite Sex,38
20,Ruby in Paradise,30
21,The Cookout,37
22,The Grace Card,20
23,Woo,37
24,Excessive Force,13
25,Space Dogs,35
26,Jefferson in Paris,30
27,Crossover,29
28,Get on the Bus,36
29,The Egyptian,36
30,Sea Rex 3D: Journey to a Prehistoric World,15
31,Living Out Loud,22
32,Tumbleweeds,37
33,The 5th Quarter,20
34,Undiscovered,38
35,Shalako,9
36,The Visual Bible: The Gospel of John,36
37,One Night with the King,39
38,Princess Kaiulani,39
39,The Other Side of Heaven,17
40,The Legend of the Lone Ranger,21
41,Isn't She Great,37
42,Atlas Shrugged Part III: Who is John Galt?,29
43,From a Whisper to a Scream,11
44,The In Crowd,28
45,Sweet Charity,23
46,The Molly Maguires,36
47,Black Nativity,20
48,Girl 6,18
49,Galaxina,37
50,Beyond the Mat,3
51,The Pirate,22
52,Beastmaster 2: Through the Portal of Time,34
53,Show Boat,23
54,The Charge of the Light Brigade,17
55,Sweet Sweetback's Baadasssss Song,22
56,The Broadway Melody,22
57,Roar,2
58,The Virginity Hit,27
59,Tadpole,22
60,Without Limits,36
61,Hell's Angels,17
62,Alone With Her,29
63,An American Carol,38
64,The Big Parade,23
65,Prefontaine,22
66,Love Me Tender,22
67,Trapeze,22
68,Annie Get Your Gun,23
69,Snow Flower and the Secret Fan,20
70,Shooting Fish,23
71,From Justin to Kelly,37
72,Murderball,15
73,The Inhabited Island,33
74,How Stella Got Her Groove Back,23
75,The Lost City,39
76,The Monkey King 2,33
77,Connie and Carla,37
78,Gun Shy,21
79,Two Girls and a Guy,22
80,10th & Wolf,31
81,Home Run,39
82,Cats Don't Dance,19
83,The Horseman on the Roof,23
84,Spaced Invaders,19
85,Prophecy,28
86,Pocketful of Miracles,30
87,Mrs. Winterbourne,22
88,Tupac: Resurrection,7
89,Of Horses and Men,26
90,The Thief and the Cobbler,19
91,Full Frontal,22
92,The Wash,37
93,Damnation Alley,21
94,Prison,14
95,She Done Him Wrong,37
96,Extreme Ops,21
97,Mao's Last Dancer,39
98,The Rose,23
99,Winter Passing,25
100,Charly,22
101,Mambo Italiano,37
102,Dave Chappelle's Block Party,26
103,Foodfight!,35
104,A Farewell to Arms,22
105,Ishtar,34
106,The Extra Man,27
107,The Next Best Thing,18
108,Donovan's Reef,23
109,Kingdom of the Spiders,28
110,Outside Providence,22
111,The Young Messiah,39
112,Life During Wartime,25
113,The Perfect Game,39
114,Waterloo,17
115,A Low Down Dirty Shame,21
116,The Tempest,39
117,Losin' It,37
118,The Funeral,12
119,Tea with Mussolini,23
120,Home Fries,22
121,Special,26
122,Against the Ropes,22
123,Tales from the Hood,14
124,Stonewall,39
125,The Fall of the Roman Empire,36
126,Rapa Nui,10
127,Sands of Iwo Jima,21
128,The Ladies Man,37
129,Kama Sutra - A Tale of Love,23
130,For Greater Glory - The True Story of Cristiada,39
131,Harper,24
132,Six-String Samurai,21
133,Sparkle,39
134,Romeo Is Bleeding,14
135,Freakonomics,15
136,55 Days at Peking,17
137,Mondays in the Sun,36
138,The Man from Snowy River,22
139,Duel in the Sun,9
140,Redacted,20
141,42nd Street,22
142,Glitter,22
143,Conversations with Other Women,26
144,Major Dundee,9
145,Our Family Wedding,38
146,"Happy, Texas",37
147,Tom Jones,23
148,Sleep Dealer,29
149,Hanging Up,37
150,90 Minutes in Heaven,39
151,PCU,37
152,1911,33
153,The Best Little Whorehouse in Texas,18
154,"The Beast from 20,000 Fathoms",13
155,The Good Night,26
156,The Greatest Story Ever Told,36
157,Elmer Gantry,36
158,Sherrybaby,20
159,Aloft,39
160,Bon Cop Bad Cop,31
161,The Robe,36
162,Kabhi Alvida Naa Kehna,39
163,Godzilla 2000,34
164,The Ballad of Jack and Rose,39
165,Drowning Mona,14
166,Novocaine,14
167,The Newton Boys,24
168,Jade,21
169,200 Cigarettes,22
170,The Out-of-Towners,37
171,Miss Julie,39
172,A Home at the End of the World,22
173,In the Land of Blood and Honey,39
174,Abandon,14
175,Talk Radio,36
176,A Simple Wish,19
177,The Nun's Story,36
178,Poetic Justice,30
179,The Ballad of Cable Hogue,9
180,Gentleman's Agreement,30
181,Mo' Better Blues,30
182,Fled,21
183,Kissing Jessica Stein,37
184,All About the Benjamins,21
185,College,38
186,Tidal Wave,31
187,Steel,21
188,Gods and Generals,17
189,Winged Migration,3
190,Ready to Rumble,23
191,Me and Orson Welles,27
192,Ride with the Devil,23
193,Action Jackson,21
194,The Namesake,39
195,Swept Away,37
196,Carlos,31
197,The Greatest Show on Earth,23
198,The Long Riders,5
199,My Beautiful Laundrette,22
200,Yentl,23
201,Paparazzi,14
202,Switchback,34
203,Simon Birch,23
204,The Children of Huang Shi,39
205,Simply Irresistible,37
206,The Yellow Handkerchief,26
207,Flicka,20
208,Out Cold,37
209,Play It to the Bone,30
210,Beyond the Valley of the Dolls,24
211,Radio Flyer,36
212,Taxi to the Dark Side,15
213,A Better Life,20
214,The Deep End of the Ocean,6
215,Zero Effect,24
216,American Outlaws,5
217,City of Life and Death,39
218,The End of the Affair,22
219,Baby Boy,24
220,Heaven's Gate,17
221,Jumping the Broom,27
222,The Prince of Tides,30
223,Latter Days,23
224,The Musketeer,21
225,Auto Focus,12
226,The Corruptor,34
227,Welcome Home Roscoe Jenkins,39
228,Bodyguards and Assassins,31
229,Invaders from Mars,13
230,Airlift,31
231,Party Monster,12
232,The Wiz,10
233,Angela's Ashes,36
234,The Black Stallion,10
235,Veronica Guerin,14
236,Tiny Furniture,26
237,East Is East,37
238,Top Hat,22
239,Who Killed the Electric Car?,15
240,Bottle Shock,39
241,Intolerance,36
242,Infamous,39
243,The Hoax,39
244,Slackers,37
245,The Informers,20
246,She Wore a Yellow Ribbon,5
247,5 Days of War,39
248,Drive Me Crazy,22
249,C.H.U.D.,28
250,Turbulence,21
251,Quo Vadis,23
252,Down in the Valley,39
253,Summer Catch,23
254,Split Second,21
255,Cure,24
256,Random Hearts,30
257,Paint Your Wagon,23
258,Facing the Giants,39
259,Veer-Zaara,30
260,Swing Vote,39
261,Pat Garrett & Billy the Kid,5
262,Mr. 3000,37
263,Set It Off,24
264,Anywhere But Here,23
265,Winter in Wartime,20
266,The History Boys,39
267,Hud,17
268,Bulworth,30
269,Flirting with Disaster,37
270,L!fe Happens,38
271,Woodstock,23
272,A Passage to India,17
273,Dick,37
274,Recess: School's Out,19
275,Dragonslayer,10
276,Lone Wolf McQuade,24
277,Coal Miner's Daughter,36
278,Reds,36
279,Return to Me,23
280,Alex & Emma,37
281,The Cotton Club,23
282,Gossip,14
283,"Mystery, Alaska",30
284,Let's Go to Prison,38
285,The Last Dragon,34
286,Swimfan,6
287,She's the One,37
288,The Adventures of Ford Fairlane,14
289,Nixon,36
290,The Express,39
291,How Green Was My Valley,36
292,The Misfits,23
293,Khumba,35
294,Catch-22,23
295,God's Not Dead 2,39
296,Reno 911!: Miami,29
297,The Object of My Affection,23
298,The Train,17
299,Ca$h,31
300,Fur: An Imaginary Portrait of Diane Arbus,39
301,Vanity Fair,30
302,Head Over Heels,37
303,Wonderland,14
304,The Spanish Prisoner,24
305,The Quiet,20
306,The Adventurer: The Curse of the Midas Box,35
307,Tomcats,37
308,Mary Reilly,14
309,A Mighty Wind,37
310,Barbershop 2:  Back in Business,37
311,The Story of Us,22
312,Shopgirl,26
313,Baby Geniuses,19
314,The Canyons,20
315,The Big Bounce,37
316,Catch That Kid,21
317,The Rage: Carrie 2,21
318,Madea's Family Reunion,27
319,Lone Star,23
320,Courageous,39
321,Renaissance,29
322,The Barbarian Invasions,12
323,The Little Vampire,28
324,Topaz,24
325,Manderlay,39
326,Running with Scissors,39
327,Monkeybone,19
328,Glee: The Concert Movie,35
329,Niagara,14
330,You Can't Take It With You,18
331,Country Strong,39
332,Extreme Measures,36
333,Big Trouble,21
334,You Kill Me,29
335,My Favorite Martian,19
336,Mad City,24
337,Renaissance Man,18
338,Gods and Monsters,22
339,Akeelah and the Bee,39
340,Love in the Time of Cholera,39
341,The Quiet American,14
342,In Cold Blood,36
343,Red River,9
344,Harley Davidson and the Marlboro Man,8
345,Stop-Loss,39
346,Son of God,39
347,Metallica: Through the Never,20
348,A Guy Thing,37
349,Strangerland,39
350,Solitary Man,26
351,High Anxiety,37
352,Ondine,39
353,Flipper,19
354,Serving Sara,37
355,Things to Do in Denver When You're Dead,36
356,Dark Blue,24
357,Katy Perry: Part of Me,15
358,The Good German,31
359,Family Plot,24
360,Drop Dead Gorgeous,37
361,Subway,8
362,White Squall,36
363,Margaret,39
364,The Adventures of Rocky & Bullwinkle,19
365,Hoop Dreams,7
366,Song One,20
367,Battle of the Year,39
368,Return of the Living Dead 3,22
369,Angel Eyes,14
370,Love & Basketball,23
371,Stomp the Yard,39
372,Moby Dick,10
373,Clockstoppers,21
374,In the Cut,24
375,A Man for All Seasons,36
376,Jawbreaker,37
377,Center Stage,36
378,Things We Lost in the Fire,39
379,Roger & Me,3
380,Miracle at St. Anna,39
381,Kundun,36
382,The Great Raid,31
383,The Order,14
384,Of Gods and Men,39
385,Force 10 from Navarone,34
386,Daddy Day Camp,38
387,Thunderbirds,19
388,Muppets from Space,19
389,City By The Sea,24
390,Captive,29
391,Stitches,32
392,The Tailor of Panama,36
393,Casino Jack,31
394,Tsotsi,20
395,Basquiat,36
396,Phantasm II,21
397,The Wackness,20
398,American Dreamz,27
399,A Mighty Heart,20
400,All the King's Men,39
401,Showdown in Little Tokyo,8
402,Igby Goes Down,37
403,Point Blank,14
404,Dolphin Tale 2,39
405,Crazy/Beautiful,22
406,The Women,27
407,Another Year,39
408,The Bad News Bears,37
409,Knockaround Guys,14
410,Human Traffic,37
411,Michael Collins,36
412,Ballistic: Ecks vs. Sever,21
413,Rang De Basanti,39
414,Suspect Zero,14
415,Sorcerer,34
416,Hustle & Flow,39
417,The Red Violin,24
418,New in Town,38
419,Space Chimps,35
420,Fireproof,39
421,Friday After Next,37
422,Rugrats in Paris: The Movie,19
423,Post Grad,38
424,Detroit Rock City,37
425,Urban Legends: Final Cut,28
426,My Life in Ruins,38
427,Maximum Risk,21
428,Mirrormask,35
429,Oliver!,23
430,Secretariat,39
431,The Sweet Hereafter,36
432,The Death and Life of Bobby Z,29
433,Riding in Cars with Boys,23
434,Boys and Girls,22
435,Salton Sea,14
436,Dragon Wars: D-War,29
437,Laws of Attraction,21
438,Happily N'Ever After,35
439,Disturbing Behavior,28
440,On Deadly Ground,8
441,Gigli,36
442,Highlander: Endgame,21
443,The Limey,14
444,FearDotCom,28
445,Mean Creek,12
446,The Alamo,17
447,Air Bud,19
448,Curious George,35
449,My Name Is Bruce,38
450,Bright Star,39
451,Brother,24
452,Club Dread,11
453,The Wraith,21
454,Soul Plane,37
455,The Bounty,17
456,The Scarlet Letter,23
457,Supernova,21
458,The Sweeney,31
459,Quest for Fire,6
460,A Civil Action,36
461,The Big Hit,21
462,The Greatest Game Ever Played,39
463,"For a Good Time, Call...",38
464,The Best Man Holiday,27
465,The Rookie,36
466,Highlander: The Final Dimension,21
467,Exit Wounds,21
468,Pink Flamingos,14
469,A Sound of Thunder,33
470,School for Scoundrels,26
471,Vampire in Brooklyn,11
472,Brokedown Palace,6
473,Whale Rider,19
474,Killing Zoe,14
475,Street Fighter: The Legend of Chun-Li,29
476,Children of Heaven,19
477,Undercover Brother,37
478,The Lost Weekend,12
479,Little Black Book,23
480,City Island,25
481,Domestic Disturbance,14
482,Selena,36
483,Godsend,21
484,Black or White,39
485,La Bamba,36
486,Drumline,23
487,BloodRayne,29
488,Cats & Dogs 2 : The Revenge of Kitty Galore,38
489,Nurse 3-D,32
490,Black Christmas,32
491,Torque,13
492,The Messenger,39
493,Evita,17
494,Return to Oz,10
495,Torn Curtain,24
496,Moms' Night Out,38
497,Underdogs,35
498,Can't Hardly Wait,22
499,Spice World,19
500,Poltergeist III,28
501,Hardball,37
502,D-Tox,8
503,The Astronaut Farmer,26
504,Racing Stripes,38
505,Death Race 2000,21
506,Alpha and Omega,35
507,North Country,39
508,Memoirs of an Invisible Man,19
509,The Man Who Knew Too Little,21
510,Silent House,32
511,Central Station,36
512,Cry_Wolf,32
513,Bandslam,27
514,Choke,25
515,The Replacement Killers,14
516,What Just Happened,25
517,Quills,36
518,Mr. Nice Guy,23
519,Friends with Money,26
520,Creepshow 2,28
521,Krull,34
522,Man of the Year,31
523,Waitress,27
524,Barney's Version,39
525,The Relic,24
526,Leatherheads,27
527,When the Game Stands Tall,39
528,Coriolanus,39
529,Hoodwinked Too! Hood VS. Evil,35
530,The Verdict,36
531,Hearts in Atlantis,6
532,My Stepmother is an Alien,1
533,The Black Hole,21
534,Shark Night,32
535,Albert Nobbs,39
536,Exorcist II: The Heretic,24
537,From Here to Eternity,23
538,Walking With Dinosaurs,35
539,He Got Game,36
540,Prom,38
541,Fun Size,38
542,Fiddler on the Roof,30
543,Boomerang,18
544,The Flintstones in Viva Rock Vegas,19
545,Zoom,35
546,Fido,26
547,The Art of War,34
548,Baahubali: The Beginning,33
549,White Fang,17
550,54,22
551,Next Friday,37
552,Serial Mom,14
553,Universal Soldier: The Return,13
554,Peggy Sue Got Married,22
555,Cutthroat Island,10
556,The Phantom,13
557,The Warrior's Way,29
558,The Matador,29
559,Pokémon: Spell of the Unknown,19
560,Antwone Fisher,30
561,The Return of the Pink Panther,18
562,Your Sister's Sister,25
563,The Shaggy Dog,38
564,Body Double,24
565,Barbershop,37
566,The Conspirator,31
567,Find Me Guilty,31
568,Tank Girl,21
569,The Prophecy,28
570,The Shadow,34
571,Beyond the Lights,39
572,The Texas Chainsaw Massacre 2,28
573,Firefox,34
574,Dylan Dog: Dead of Night,33
575,Quartet,26
576,Undisputed,21
577,"It's a Mad, Mad, Mad, Mad World",34
578,Stargate: The Ark of Truth,29
579,The Three Stooges,38
580,Must Love Dogs,38
581,The Apparition,32
582,Shortbus,26
583,I Don't Know How She Does It,38
584,Radio,36
585,Sea of Love,24
586,Miss Potter,26
587,Narc,14
588,Ernest & Celestine,26
589,The Adventures of Pluto Nash,21
590,Femme Fatale,24
591,The Best Years of Our Lives,23
592,1941,1
593,Shin Godzilla,33
594,The Tigger Movie,19
595,W.,39
596,Far from Heaven,30
597,Transamerica,20
598,Repo Man,21
599,Straw Dogs,39
600,Agent Cody Banks 2: Destination London,37
601,Get Carter,14
602,Captain Corelli's Mandolin,23
603,Cleopatra,23
604,Barbarella,13
605,Boat Trip,37
606,Crocodile Dundee in Los Angeles,37
607,Tora! Tora! Tora!,17
608,The Rugrats Movie,19
609,The Island of Dr. Moreau,21
610,My Soul to Take,31
611,Demonic,32
612,Micmacs,29
613,Shadow of the Vampire,4
614,Dracula 2000,28
615,Rob Roy,10
616,The Trouble with Harry,14
617,Furry Vengeance,38
618,Pulse,32
619,Tin Cup,23
620,The Great Debaters,39
621,The Believer,22
622,The Producers,27
623,Ong Bak 2,29
624,Big Miracle,39
625,May,14
626,Chasing Liberty,18
627,Antitrust,24
628,Swimming Pool,14
629,Employee of the Month,38
630,Southland Tales,33
631,Return to the Blue Lagoon,22
632,Deep Rising,21
633,Justin Bieber: Never Say Never,35
634,Two Lovers,39
635,Saving Silverman,22
636,The Wind That Shakes the Barley,31
637,Where the Heart Is,23
638,Rent,39
639,Judgment at Nuremberg,36
640,Stay Alive,32
641,A Room with a View,30
642,The Skulls,14
643,The Rocker,38
644,By the Sea,39
645,"4 Months, 3 Weeks and 2 Days",39
646,"20,000 Leagues Under the Sea",34
647,Dressed to Kill,28
648,Wicker Park,24
649,The Assassin,29
650,Midnight in the Garden of Good and Evil,24
651,A Lonely Place to Die,29
652,Crossroads,22
653,Mongol: The Rise of Genghis Khan,39
654,The Secret Life of Bees,33
655,Frenzy,24
656,Miracle,36
657,Keeping the Faith,18
658,Blue Crush,2
659,The Four Feathers,23
660,In the Land of Women,26
661,Win a Date with Tad Hamilton!,37
662,Spellbound,24
663,An Unfinished Life,39
664,The Howling,4
665,Twilight Zone: The Movie,21
666,Take the Lead,39
667,The Marine,29
668,Dolphin Tale,39
669,Weekend,26
670,Virtuosity,21
671,And So It Goes,26
672,Freeheld,26
673,Rabbit Hole,20
674,Bananas,37
675,Cat on a Hot Tin Roof,30
676,Nine,39
677,Hollywood Homicide,34
678,The First Wives Club,37
679,Capitalism: A Love Story,7
680,The Protector,31
681,Love the Coopers,27
682,Cursed,38
683,Fortress,21
684,A Hard Day's Night,37
685,The Age of Innocence,30
686,Halloween: The Curse of Michael Myers,28
687,Beerfest,27
688,Firestarter,34
689,The 51st State,21
690,Reindeer Games,24
691,Menace II Society,14
692,Alone in the Dark,29
693,To Die For,22
694,The Crying Game,24
695,The Ice Storm,36
696,Kicking & Screaming,26
697,The Three Burials of Melquiades Estrada,31
698,Nine 1/2 Weeks,30
699,World's Greatest Dad,38
700,Half Baked,37
701,Sorority Row,32
702,Red Tails,31
703,3000 Miles to Graceland,34
704,The Birth of a Nation,39
705,The Sessions,26
706,Hard Rain,28
707,Driven,10
708,Very Bad Things,14
709,MacGruber,35
710,Two Brothers,10
711,Love Happens,39
712,Basic Instinct 2,31
713,No Good Deed,29
714,The Good Girl,22
715,Fever Pitch,26
716,Idle Hands,11
717,Exorcist: The Beginning,24
718,Danny Collins,27
719,Pontypool,32
720,Bringing Down the House,37
721,Don Juan DeMarco,22
722,Halloween 5: The Revenge of Michael Myers,28
723,Porky's,37
724,High Crimes,24
725,Teenage Mutant Ninja Turtles III,19
726,Little Boy,26
727,Ice Princess,26
728,Miracles from Heaven,39
729,We Are Marshall,39
730,Get Rich or Die Tryin',39
731,Deconstructing Harry,37
732,The Flowers of War,31
733,The Majestic,30
734,Stuck on You,18
735,The Hunted,14
736,Thirteen Days,36
737,Raising Helen,23
738,Away We Go,26
739,The Andromeda Strain,34
740,My Blueberry Nights,39
741,Rock Star,22
742,Diary of the Dead,29
743,Friday the 13th Part VIII: Jason Takes Manhattan,28
744,15 Minutes,34
745,Boogeyman,29
746,Hang 'em High,9
747,Extract,38
748,Friday the 13th Part VII: The New Blood,28
749,Stone,20
750,Jason Goes to Hell: The Final Friday,28
751,The Fan,24
752,Happiness,30
753,Our Brand Is Crisis,39
754,I'm Not There.,39
755,Defendor,29
756,The American President,22
757,Transsiberian,31
758,Go,14
759,Message in a Bottle,30
760,Friday the 13th: A New Beginning,28
761,The Divide,33
762,Big Fat Liar,37
763,The Lawnmower Man,34
764,Harsh Times,31
765,Bound,24
766,A Night at the Roxbury,37
767,Original Sin,24
768,Breakdown,21
769,The Mighty Ducks,37
770,House of Sand and Fog,36
771,Anacondas: The Hunt for the Blood Orchid,21
772,Mars Needs Moms,35
773,Sleeper,22
774,The Last Temptation of Christ,36
775,Duplicity,27
776,Boiler Room,24
777,The Glass House,6
778,Hotel for Dogs,38
779,The Remains of the Day,30
780,Wyatt Earp,17
781,The Cave,29
782,The Brothers Bloom,27
783,The Last Exorcism Part II,32
784,History of the World: Part I,37
785,Dragonfly,22
786,DOA: Dead or Alive,29
787,Baby Mama,38
788,Instructions Not Included,39
789,The Reaping,32
790,Striptease,24
791,Rendition,39
792,Red Cliff,33
793,The General's Daughter,24
794,Red Sonja,21
795,2046,23
796,Gridiron Gang,31
797,Blood Work,24
798,The Last Legion,29
799,A Bridge Too Far,17
800,Chariots of Fire,36
801,"Paris, je t'aime",39
802,Ladder 49,24
803,Everything Must Go,26
804,The Devil's Double,31
805,Armored,29
806,Take Me Home Tonight,26
807,Halloween 4: The Return of Michael Myers,28
808,Beverly Hills Chihuahua,35
809,House on Haunted Hill,28
810,Lords of Dogtown,39
811,About Last Night,38
812,Kill List,29
813,Disclosure,24
814,Under Siege 2: Dark Territory,8
815,The Act of Killing,7
816,The Station Agent,37
817,Night Watch,34
818,Old Dogs,38
819,The Joneses,25
820,Dumb and Dumberer: When Harry Met Lloyd,37
821,Raise Your Voice,22
822,Hobo with a Shotgun,29
823,Hesher,20
824,Walk Hard: The Dewey Cox Story,38
825,Joyeux Noël,31
826,Congo,34
827,Stormbreaker,35
828,Without a Paddle,21
829,Everything You Always Wanted to Know About Sex *But Were Afraid to Ask,37
830,The Pledge,24
831,Battle for the Planet of the Apes,13
832,Red Dawn,34
833,Wild Target,38
834,Double Impact,24
835,Lions for Lambs,29
836,Seabiscuit,36
837,Friday the 13th Part VI: Jason Lives,28
838,Devil's Due,32
839,Major League,18
840,"Jeff, Who Lives at Home",25
841,The Prince,29
842,How High,37
843,The Proposition,29
844,The Innkeepers,32
845,The Sea Inside,36
846,Don't Say a Word,24
847,12 Rounds,31
848,My Best Friend's Girl,38
849,Whiteout,29
850,Yogi Bear,35
851,Mortal Kombat: Annihilation,21
852,Are We There Yet?,35
853,Soldier,13
854,Confessions of a Teenage Drama Queen,37
855,Howard the Duck,10
856,Date Movie,38
857,Money Train,21
858,Spy Kids: All the Time in the World,35
859,Diary of a Wimpy Kid: Dog Days,38
860,How Do You Know,27
861,Absolute Power,24
862,Deadfall,29
863,Mandela: Long Walk to Freedom,39
864,Hit & Run,38
865,Jaws: The Revenge,2
866,The Roommate,29
867,The Sentinel,31
868,Deuce Bigalow: European Gigolo,38
869,Guess Who,38
870,Barnyard,35
871,After the Sunset,14
872,The Squid and the Whale,25
873,Creepshow,34
874,Osmosis Jones,19
875,Halloween: Resurrection,28
876,Bad Company,34
877,Heaven is for Real,20
878,Halloween III: Season of the Witch,28
879,The Wedding Date,38
880,Jimmy Neutron: Boy Genius,19
881,Sling Blade,36
882,The Triplets of Belleville,19
883,Super Mario Bros.,19
884,My Name Is Khan,39
885,The Young and Prodigious T.S. Spivet,35
886,Courage Under Fire,24
887,Flash Gordon,10
888,The Soloist,39
889,The Longest Day,17
890,Notes on a Scandal,26
891,The Rainmaker,24
892,Fair Game,39
893,Sicko,7
894,The Right Stuff,36
895,Valiant,35
896,Sydney White,27
897,Cradle 2 the Grave,14
898,The Ghost and the Darkness,10
899,Blow Out,24
900,Conquest of the Planet of the Apes,13
901,Friday the 13th: The Final Chapter,28
902,Waiting...,38
903,The Kid,19
904,Untraceable,20
905,El Mariachi,21
906,Goal!: The Dream Begins,39
907,Diary of a Wimpy Kid: Rodrick Rules,38
908,Midnight Run,34
909,"Run, Fatboy, Run",38
910,Queen of the Damned,21
911,Disaster Movie,38
912,Little Children,39
913,The Hustler,36
914,Half Nelson,39
915,Rumble in the Bronx,21
916,Pride and Glory,31
917,Mr. Smith Goes to Washington,30
918,Hart's War,36
919,Stigmata,28
920,Joe Dirt,22
921,The Love Guru,38
922,The Lords of Salem,32
923,Promised Land,20
924,Black Snake Moan,39
925,The Vatican Tapes,32
926,Black Rain,34
927,Kingpin,18
928,Aliens in the Attic,35
929,How to Lose Friends & Alienate People,27
930,A Nightmare on Elm Street 5: The Dream Child,28
931,Blast from the Past,18
932,Gosford Park,24
933,Lake Placid,21
934,Doctor Zhivago,23
935,Alfie,37
936,The Big Year,38
937,Time Bandits,10
938,Stripes,37
939,Fish Tank,39
940,Mystery Men,34
941,Monster's Ball,30
942,The Immigrant,39
943,Dick Tracy,21
944,An Inconvenient Truth,15
945,Rubber,35
946,After.Life,29
947,The Legend of Bagger Vance,36
948,Session 9,28
949,Road House,34
950,Swingers,37
951,License to Wed,38
952,Free Birds,35
953,Friday the 13th Part III,28
954,The Astronaut's Wife,24
955,The Runaways,20
956,Battlefield Earth,34
957,Jersey Boys,39
958,Sunshine Cleaning,25
959,Showgirls,36
960,Executive Decision,34
961,Dangerous Liaisons,30
962,The Debt,39
963,Winnie the Pooh,35
964,A Man Apart,36
965,The Tale of Despereaux,35
966,Young Guns,17
967,The Homesman,39
968,The Wild Bunch,10
969,Million Dollar Arm,39
970,Ladyhawke,23
971,Ida,20
972,The Boondock Saints II: All Saints Day,31
973,In the Valley of Elah,31
974,White Noise,29
975,Little Man,38
976,Open Range,9
977,Going the Distance,26
978,The Devil Inside,32
979,Escape from the Planet of the Apes,13
980,Enough,36
981,K-19: The Widowmaker,17
982,The Man Who Shot Liberty Valance,9
983,The Spanish Apartment,23
984,Firewall,32
985,Red Planet,21
986,The Return of the Living Dead,11
987,Halloween II,32
988,Murder by Numbers,24
989,When a Stranger Calls,32
990,Logan's Run,34
991,The Jungle Book 2,19
992,Hudson Hawk,21
993,The Adventures of Sharkboy and Lavagirl,35
994,I Spy,21
995,Day of the Dead,28
996,Wag the Dog,37
997,The Cold Light of Day,29
998,Flyboys,31
999,Escobar: Paradise Lost,16
1000,The Second Best Exotic Marigold Hotel,39
1001,Freddy's Dead: The Final Nightmare,11
1002,"Good Night, and Good Luck.",20
1003,The Railway Man,39
1004,The Grandmaster,31
1005,Crazy Heart,39
1006,Baby's Day Out,19
1007,Oliver Twist,31
1008,Dark Water,29
1009,It Happened One Night,37
1010,The Doors,36
1011,Confessions of a Dangerous Mind,24
1012,Max,33
1013,Flight of the Phoenix,34
1014,The Beaver,20
1015,Unfaithful,36
1016,Did You Hear About the Morgans?,38
1017,Black Book,31
1018,The Whole Ten Yards,21
1019,High Plains Drifter,5
1020,Sweet November,30
1021,The Client,24
1022,Double Jeopardy,14
1023,Out of Africa,36
1024,Kids,12
1025,The Diary of a Teenage Girl,26
1026,The Sweetest Thing,37
1027,Think Like a Man,27
1028,Bottle Rocket,12
1029,A Nightmare on Elm Street 4: The Dream Master,28
1030,A Streetcar Named Desire,36
1031,The Eye,29
1032,The Piano,30
1033,Timecop,21
1034,Vertical Limit,34
1035,The Diving Bell and the Butterfly,39
1036,The Grudge 2,32
1037,Agent Cody Banks,13
1038,Hope Springs,26
1039,Dreamgirls,39
1040,The Guilt Trip,38
1041,Chain Reaction,34
1042,The Last Castle,24
1043,Stake Land,29
1044,Teenage Mutant Ninja Turtles II: The Secret of the Ooze,21
1045,Inside Job,7
1046,Machine Gun Preacher,31
1047,Basic,14
1048,Seed of Chucky,22
1049,The Black Dahlia,39
1050,Charlotte's Web,35
1051,Anonymous,31
1052,The Covenant,29
1053,The Weather Man,25
1054,The Midnight Meat Train,29
1055,The Devil's Own,24
1056,Earth to Echo,35
1057,Urban Legend,28
1058,Return to Never Land,19
1059,The Outsiders,12
1060,Waltz with Bashir,26
1061,The Color of Money,36
1062,Fatal Attraction,24
1063,Jason X,13
1064,New Nightmare,24
1065,Adore,20
1066,Fantasia 2000,19
1067,Lakeview Terrace,31
1068,The Horse Whisperer,30
1069,Do the Right Thing,36
1070,Be Cool,27
1071,Wimbledon,37
1072,Brooklyn's Finest,31
1073,Heavenly Creatures,4
1074,Punisher: War Zone,29
1075,Arbitrage,20
1076,Risen,16
1077,All About Steve,38
1078,Something Borrowed,27
1079,Ghosts of Mars,13
1080,Shall We Dance?,23
1081,Looney Tunes: Back in Action,19
1082,Death Sentence,29
1083,The Santa Clause 2,19
1084,Jackass Number Two,29
1085,Kiss of the Dragon,21
1086,Out of Time,14
1087,Changing Lanes,21
1088,Labor Day,39
1089,Jeepers Creepers 2,28
1090,Midnight Cowboy,36
1091,Appaloosa,31
1092,My Bloody Valentine,32
1093,The Postman,10
1094,Wish I Was Here,39
1095,Alex Cross,29
1096,The Informant!,31
1097,On the Road,39
1098,Finding Forrester,36
1099,The Saint,34
1100,Get Shorty,21
1101,Bandits,23
1102,Flashdance,22
1103,Honey,22
1104,Elizabeth: The Golden Age,39
1105,The Golden Child,21
1106,The Animal,37
1107,Draft Day,39
1108,Admission,27
1109,The Dilemma,39
1110,The East,39
1111,Babe: Pig in the City,19
1112,RoboCop 3,21
1113,The Mothman Prophecies,24
1114,House of 1000 Corpses,28
1115,Bandidas,29
1116,Trust,29
1117,Timecrimes,32
1118,Child's Play 2,4
1119,Deuce Bigalow: Male Gigolo,37
1120,Shaft,21
1121,Assault on Precinct 13,16
1122,The Dead Zone,21
1123,First Knight,23
1124,The Fog,28
1125,Dead Snow,38
1126,88 Minutes,31
1127,The Specialist,34
1128,Titan A.E.,19
1129,"Big Mommas: Like Father, Like Son",31
1130,102 Dalmatians,37
1131,The Long Kiss Goodnight,34
1132,Friday the 13th Part 2,28
1133,Open Water,6
1134,Y Tu Mamá También,22
1135,Vampires Suck,38
1136,Maniac,32
1137,Red State,29
1138,Amistad,17
1139,Muppets Most Wanted,33
1140,The Dukes of Hazzard,35
1141,Becoming Jane,39
1142,Heist,29
1143,A Lot Like Love,27
1144,Hidalgo,10
1145,Timeline,34
1146,Superman IV: The Quest for Peace,21
1147,Derailed,39
1148,Unfinished Business,38
1149,The Spirit,29
1150,Bernie,26
1151,Splash,23
1152,Fast Times at Ridgemont High,37
1153,The Young Victoria,26
1154,My Big Fat Greek Wedding 2,26
1155,Glengarry Glen Ross,14
1156,We Own the Night,31
1157,Patton,17
1158,Phenomenon,23
1159,American Graffiti,30
1160,Jersey Girl,37
1161,The Sitter,38
1162,Joy Ride,14
1163,Street Fighter,21
1164,The Bad Lieutenant: Port of Call - New Orleans,39
1165,Snake Eyes,14
1166,Elizabethtown,27
1167,No Reservations,38
1168,A Very Harold & Kumar Christmas,27
1169,The Last Exorcism,29
1170,Romeo Must Die,34
1171,Nim's Island,35
1172,Stir of Echoes,28
1173,The New World,39
1174,Running Scared,31
1175,Stealth,16
1176,Hop,35
1177,Four Christmases,26
1178,Fifty Shades of Black,38
1179,Bangkok Dangerous,29
1180,Escape from Planet Earth,35
1181,Nutty Professor II: The Klumps,22
1182,Six Days Seven Nights,21
1183,Out of Sight,23
1184,Mindhunters,14
1185,Frailty,14
1186,High Noon,5
1187,Bad Words,38
1188,The Stepford Wives,21
1189,Elizabeth,36
1190,Reign Over Me,39
1191,Spawn,21
1192,Rescue Dawn,31
1193,Rebecca,36
1194,Secret in Their Eyes,31
1195,Dead Man Walking,36
1196,The Queen,20
1197,Never Say Never Again,34
1198,The Color Purple,36
1199,Charlie Wilson's War,26
1200,Joe,39
1201,Practical Magic,19
1202,Sanctum,16
1203,Thirteen,12
1204,The Thomas Crown Affair,24
1205,Quarantine,32
1206,U-571,17
1207,Windtalkers,17
1208,Don't Be Afraid of the Dark,32
1209,The Fisher King,30
1210,Sex Drive,27
1211,Soul Surfer,20
1212,The To Do List,38
1213,Stolen,29
1214,TMNT,35
1215,The Spy Next Door,35
1216,Mean Streets,36
1217,Kiss the Girls,24
1218,Jackass: The Movie,3
1219,Beginners,26
1220,Harry Brown,29
1221,Cirque du Freak: The Vampire's Assistant,33
1222,The Green Inferno,29
1223,Driving Miss Daisy,37
1224,Whatever Works,38
1225,Bride of Chucky,11
1226,A Perfect Getaway,29
1227,The Siege,24
1228,Cats & Dogs,37
1229,My Fair Lady,23
1230,Save the Last Dance,23
1231,Sense and Sensibility,30
1232,Blue Streak,21
1233,Days of Thunder,10
1234,Boys Don't Cry,36
1235,Hot Tub Time Machine 2,38
1236,A League of Their Own,18
1237,Speed Racer,33
1238,The Net,24
1239,A Nightmare on Elm Street 3: Dream Warriors,28
1240,Sliding Doors,22
1241,Diary of a Wimpy Kid,38
1242,Kill the Messenger,31
1243,The Last Emperor,36
1244,Apollo 18,32
1245,Freedom Writers,39
1246,On the Waterfront,36
1247,Whip It,39
1248,A Good Year,27
1249,March of the Penguins,15
1250,The Man with the Iron Fists,29
1251,Larry Crowne,26
1252,The Invasion,32
1253,Meet the Spartans,38
1254,Nacho Libre,38
1255,It's Complicated,27
1256,Leaving Las Vegas,30
1257,The Gallows,32
1258,A Nightmare on Elm Street Part 2: Freddy's Revenge,28
1259,Beneath the Planet of the Apes,13
1260,About Schmidt,30
1261,Super Troopers,14
1262,The Full Monty,37
1263,Doomsday,33
1264,Bloodsport,13
1265,This Is England,20
1266,Street Kings,31
1267,Aquamarine,35
1268,The Fifth Estate,39
1269,Young Adult,25
1270,Boyz n the Hood,36
1271,Our Idiot Brother,25
1272,Caddyshack,37
1273,The Iceman,29
1274,The Ant Bully,35
1275,Tusk,38
1276,United 93,31
1277,The Messenger: The Story of Joan of Arc,17
1278,The International,31
1279,You Again,38
1280,Spanglish,18
1281,Mission to Mars,34
1282,The Haunting,24
1283,Malcolm X,36
1284,Meet Dave,35
1285,Big Momma's House 2,38
1286,The Pelican Brief,24
1287,Ninja Assassin,29
1288,The Guard,29
1289,Sinbad: Legend of the Seven Seas,19
1290,The Conversation,24
1291,A Thousand Words,25
1292,Happy Feet Two,35
1293,Escape from L.A.,21
1294,Alive,34
1295,The Pirates! In an Adventure with Scientists!,35
1296,I Still Know What You Did Last Summer,28
1297,Witness,24
1298,Righteous Kill,29
1299,Red Lights,16
1300,Secretary,22
1301,Star Trek V: The Final Frontier,34
1302,Dancer in the Dark,24
1303,"Legally Blonde 2: Red, White & Blonde",37
1304,The 33,39
1305,The Thirteenth Floor,21
1306,Daylight,34
1307,Superhero Movie,29
1308,Ip Man 3,29
1309,Nick and Norah's Infinite Playlist,26
1310,The Words,20
1311,Analyze That,37
1312,The Craft,28
1313,Little White Lies,39
1314,Land of the Dead,32
1315,Walking Tall,21
1316,Premonition,29
1317,Network,36
1318,Like Crazy,26
1319,Land of the Lost,35
1320,Cop Land,14
1321,Conan the Destroyer,21
1322,While We're Young,26
1323,Glory,17
1324,Frida,30
1325,Capote,39
1326,Little Shop of Horrors,37
1327,My Cousin Vinny,30
1328,Rock of Ages,27
1329,The Bridges of Madison County,30
1330,Centurion,29
1331,Clear and Present Danger,34
1332,The Sisterhood of the Traveling Pants,39
1333,Assassins,34
1334,Blindness,31
1335,Enter the Void,39
1336,Lost in Space,10
1337,One for the Money,29
1338,West Side Story,24
1339,Home on the Range,19
1340,Funny People,39
1341,Dream House,29
1342,Intolerable Cruelty,22
1343,Star Trek: Insurrection,21
1344,Mallrats,37
1345,Left Behind,33
1346,Florence Foster Jenkins,39
1347,The Gunman,31
1348,The Interpreter,31
1349,The Manchurian Candidate,24
1350,Made of Honor,38
1351,Sweet Home Alabama,18
1352,Takers,31
1353,The Kite Runner,39
1354,Wanderlust,38
1355,G.I. Jane,36
1356,Agora,31
1357,Born on the Fourth of July,36
1358,Lolita,30
1359,The Hurricane,36
1360,Fahrenheit 9/11,7
1361,Clerks II,38
1362,Hackers,24
1363,Ever After: A Cinderella Story,23
1364,Failure to Launch,38
1365,Amour,39
1366,Along Came a Spider,21
1367,Beasts of the Southern Wild,20
1368,Space Cowboys,34
1369,Flatliners,24
1370,Just Married,37
1371,Jaws 2,24
1372,My Week with Marilyn,20
1373,Monster-in-Law,38
1374,Volver,27
1375,Pet Sematary,4
1376,"You, Me and Dupree",27
1377,The Blue Lagoon,22
1378,An Education,26
1379,Lady in the Water,31
1380,Astro Boy,35
1381,Dr. Dolittle 2,19
1382,Something's Gotta Give,23
1383,National Lampoon's Vacation,21
1384,Morning Glory,26
1385,Star Trek VI: The Undiscovered Country,34
1386,War,29
1387,The Big Wedding,38
1388,Precious,39
1389,The Constant Gardener,31
1390,Act of Valor,33
1391,Animal House,18
1392,She's All That,37
1393,Flipped,26
1394,Scoop,38
1395,Jonah Hex,29
1396,Keanu,38
1397,Tootsie,18
1398,Any Given Sunday,36
1399,The French Connection,21
1400,Four Lions,26
1401,The Score,34
1402,Killer Joe,29
1403,The Raven,31
1404,Collateral Damage,24
1405,The Wedding Planner,37
1406,The Quick and the Dead,10
1407,The Game Plan,27
1408,Dante's Peak,34
1409,Free State of Jones,31
1410,Jackass 3D,29
1411,The Water Diviner,39
1412,Conspiracy Theory,24
1413,Not Another Teen Movie,37
1414,The Boss,38
1415,Pay It Forward,30
1416,Silent Hill: Revelation 3D,32
1417,Grudge Match,27
1418,Final Fantasy: The Spirits Within,21
1419,Chasing Amy,23
1420,Patriot Games,24
1421,Arachnophobia,11
1422,Sahara,33
1423,Beverly Hills Cop III,21
1424,Speed 2: Cruise Control,34
1425,Doubt,20
1426,Man on the Moon,23
1427,One Hour Photo,28
1428,Nanny McPhee and the Big Bang,27
1429,The Cell,34
1430,Ella Enchanted,19
1431,The Sum of All Fears,24
1432,The One,21
1433,The Phantom of the Opera,24
1434,Rounders,36
1435,Sky Captain and the World of Tomorrow,34
1436,Woman in Gold,39
1437,The Last House on the Left,31
1438,The Living Daylights,34
1439,Hide and Seek,32
1440,The Fourth Kind,29
1441,The Mexican,23
1442,Super,26
1443,Mortal Kombat,13
1444,Domino,16
1445,Good Luck Chuck,26
1446,Fool's Gold,27
1447,Wild Things,24
1448,Bachelorette,38
1449,World Trade Center,31
1450,Ali,36
1451,The Forest,32
1452,Hannah Montana: The Movie,26
1453,Hellraiser,28
1454,Paranormal Activity: The Marked Ones,32
1455,Robot & Frank,26
1456,The Hours,36
1457,Puss in Boots,35
1458,Syriana,39
1459,Star Trek: Generations,34
1460,Broken Arrow,34
1461,Hostel: Part II,32
1462,Species,34
1463,That's My Boy,27
1464,Bowling for Columbine,7
1465,Once,26
1466,The Count of Monte Cristo,34
1467,Bill & Ted's Excellent Adventure,21
1468,Videodrome,13
1469,The Jacket,29
1470,Runaway Bride,18
1471,Red Eye,32
1472,On Her Majesty's Secret Service,34
1473,Behind Enemy Lines,21
1474,The Five-Year Engagement,27
1475,Into the Blue,33
1476,Ultraviolet,29
1477,The Back-Up Plan,38
1478,The Awakening,16
1479,Tango & Cash,21
1480,Anomalisa,26
1481,The Best Exotic Marigold Hotel,39
1482,Grindhouse,33
1483,The Forbidden Kingdom,29
1484,Frequency,24
1485,Leap Year,38
1486,Texas Chainsaw 3D,32
1487,The Frozen Ground,29
1488,Annie,27
1489,The Haunted Mansion,19
1490,Ray,36
1491,The Darkest Hour,29
1492,Ransom,34
1493,Asterix at the Olympic Games,33
1494,Hocus Pocus,19
1495,Take Shelter,39
1496,8MM,24
1497,eXistenZ,21
1498,Sphere,10
1499,The Omen,24
1500,Star Trek IV: The Voyage Home,10
1501,Sideways,23
1502,Race,39
1503,Incendies,31
1504,Hoodwinked!,35
1505,Star Trek: Nemesis,34
1506,Jay and Silent Bob Strike Back,37
1507,The Life of David Gale,24
1508,The American,29
1509,The Insider,36
1510,End of Days,34
1511,August: Osage County,39
1512,A Serious Man,25
1513,The Apartment,23
1514,State of Play,16
1515,Alvin and the Chipmunks: Chipwrecked,35
1516,Monster,36
1517,Mirrors,16
1518,Maid in Manhattan,22
1519,Eraserhead,21
1520,Winter's Tale,31
1521,Two Weeks Notice,37
1522,Edge of Darkness,31
1523,The X Files,24
1524,What Lies Beneath,24
1525,[REC]²,32
1526,The Santa Clause,19
1527,For Your Eyes Only,34
1528,Superman III,34
1529,Cool Runnings,37
1530,Just My Luck,26
1531,Talladega Nights: The Ballad of Ricky Bobby,27
1532,The Faculty,21
1533,Wall Street: Money Never Sleeps,39
1534,"Alexander and the Terrible, Horrible, No Good, Very Bad Day",38
1535,Coach Carter,39
1536,Death at a Funeral,25
1537,Never Back Down,39
1538,Harold & Kumar Escape from Guantanamo Bay,27
1539,Snakes on a Plane,29
1540,Crimson Tide,24
1541,Chloe,29
1542,Zookeeper,35
1543,The Firm,24
1544,Michael Clayton,31
1545,The Muppets,35
1546,Your Highness,38
1547,JFK,17
1548,Friday,37
1549,Analyze This,37
1550,I Love You Phillip Morris,26
1551,Crocodile Dundee,37
1552,WarGames,34
1553,Barry Lyndon,23
1554,Haywire,29
1555,This Is Where I Leave You,25
1556,Footloose,23
1557,The Lazarus Effect,32
1558,A View to a Kill,34
1559,Super Size Me,22
1560,Big Momma's House,37
1561,Daddy Day Care,37
1562,The Kids Are All Right,25
1563,Skyline,29
1564,The Spy Who Loved Me,34
1565,The Hundred-Foot Journey,39
1566,A Time to Kill,24
1567,Race to Witch Mountain,29
1568,"Dude, Where’s My Car?",37
1569,Lars and the Real Girl,26
1570,The 13th Warrior,21
1571,G-Force,35
1572,Spy Kids 3-D: Game Over,21
1573,Cop Out,31
1574,Small Soldiers,34
1575,The Waterboy,37
1576,Bedazzled,22
1577,Hostage,31
1578,The Kingdom,31
1579,Outbreak,34
1580,The Rundown,21
1581,"I Love You, Man",38
1582,The Losers,29
1583,A Haunted House,38
1584,The Core,34
1585,Rat Race,18
1586,Unleashed,29
1587,I Spit on Your Grave,31
1588,We Were Soldiers,17
1589,Amores perros,36
1590,Serendipity,37
1591,The Naked Gun 33⅓: The Final Insult,37
1592,Spy Kids 2: The Island of Lost Dreams,21
1593,The X Files: I Want to Believe,29
1594,Margin Call,39
1595,Year One,38
1596,The Man with the Golden Gun,34
1597,She's Out of My League,38
1598,Flags of Our Fathers,39
1599,Cheaper by the Dozen 2,38
1600,Another Earth,20
1601,Octopussy,34
1602,The Iron Lady,20
1603,The Jackal,34
1604,The House Bunny,38
1605,City of Angels,23
1606,Punch-Drunk Love,22
1607,Four Rooms,37
1608,I Am Sam,36
1609,Star Trek: The Motion Picture,34
1610,30 Minutes or Less,35
1611,You Only Live Twice,34
1612,Dinner for Schmucks,27
1613,Ghost Ship,28
1614,The Whole Nine Yards,37
1615,A Scanner Darkly,29
1616,Cold Mountain,36
1617,Live and Let Die,34
1618,The Legend of Hercules,29
1619,Smokin' Aces,31
1620,DragonHeart,19
1621,The Host,31
1622,Cellular,21
1623,The Lost Boys,11
1624,Licence to Kill,34
1625,Moonraker,34
1626,Old School,37
1627,A Most Wanted Man,16
1628,Letters from Iwo Jima,33
1629,The English Patient,23
1630,Road Trip,37
1631,The Bridge on the River Kwai,17
1632,Eight Below,33
1633,Endless Love,26
1634,Dinosaur,19
1635,Herbie Fully Loaded,35
1636,The Flintstones,19
1637,The Gambler,31
1638,Eraser,24
1639,Runner Runner,29
1640,Men of Honor,36
1641,Funny Games,31
1642,Wall Street,36
1643,The Naked Gun 2½: The Smell of Fear,37
1644,To Rome with Love,27
1645,A Most Violent Year,31
1646,Child 44,31
1647,Payback,14
1648,xXx: State of the Union,29
1649,Sky High,35
1650,They Live,21
1651,Delivery Man,38
1652,Diamonds Are Forever,34
1653,Napoleon Dynamite,37
1654,Music and Lyrics,26
1655,House at the End of the Street,32
1656,Sabotage,31
1657,Ride Along 2,38
1658,Safety Not Guaranteed,26
1659,The Rite,31
1660,Planet 51,35
1661,Criminal,16
1662,The Last King of Scotland,39
1663,Layer Cake,14
1664,Twins,18
1665,The Transporter Refueled,29
1666,Julie & Julia,39
1667,Escape from Alcatraz,36
1668,Traffic,24
1669,Dune,34
1670,Thunderball,34
1671,Paranormal Activity 4,32
1672,Case 39,16
1673,Role Models,38
1674,Winter's Bone,20
1675,District B13,21
1676,Charlie St. Cloud,20
1677,Paul Blart: Mall Cop 2,35
1678,Dreamcatcher,24
1679,Bring It On,37
1680,Before Midnight,39
1681,A Dangerous Method,20
1682,Where the Wild Things Are,35
1683,The Spiderwick Chronicles,35
1684,Burlesque,39
1685,The Infiltrator,31
1686,Tears of the Sun,17
1687,The Skeleton Key,29
1688,The SpongeBob SquarePants Movie,19
1689,Coyote Ugly,37
1690,Elektra,29
1691,Jingle All the Way,37
1692,What Dreams May Come,23
1693,Bend It Like Beckham,23
1694,Spy Game,34
1695,Just Like Heaven,26
1696,Philomena,20
1697,Night of the Living Dead,28
1698,Paycheck,34
1699,Sinister 2,32
1700,Child's Play,28
1701,Piranha 3D,38
1702,The Negotiator,34
1703,Step Up 3D,39
1704,The Switch,26
1705,Troll Hunter,32
1706,Poseidon,29
1707,Dazed and Confused,37
1708,Krampus,35
1709,My Best Friend's Wedding,37
1710,"Good bye, Lenin!",23
1711,Pi,14
1712,Monsters,29
1713,The Amityville Horror,29
1714,The Finest Hours,31
1715,Couples Retreat,27
1716,Cliffhanger,34
1717,The Texas Chain Saw Massacre,28
1718,Inkheart,35
1719,Monte Carlo,27
1720,Broken City,31
1721,Maggie,32
1722,John Q,24
1723,Freddy vs. Jason,28
1724,What to Expect When You're Expecting,27
1725,The Cable Guy,14
1726,Once Upon a Time in Mexico,13
1727,The 6th Day,10
1728,The Box,16
1729,The Perfect Storm,36
1730,My Sister's Keeper,39
1731,Drive Angry,29
1732,Surf's Up,35
1733,Entrapment,23
1734,Police Academy,37
1735,Fright Night,38
1736,Deep Blue Sea,21
1737,The Peanuts Movie,35
1738,Jack and Jill,38
1739,City of Ember,35
1740,Four Brothers,16
1741,About a Boy,22
1742,Doom,29
1743,Blazing Saddles,5
1744,Anaconda,2
1745,Hall Pass,38
1746,Get Him to the Greek,27
1747,Milk,39
1748,Das Boot,17
1749,Stuart Little 2,19
1750,Max Payne,29
1751,Beverly Hills Cop II,21
1752,Welcome to the Sticks,38
1753,Brick Mansions,29
1754,Cinderella Man,39
1755,Garden State,22
1756,Legends of the Fall,23
1757,Repo Men,33
1758,Gulliver's Travels,38
1759,Ben-Hur,39
1760,The Sting,24
1761,Highlander,34
1762,The Secret in Their Eyes,31
1763,Tombstone,17
1764,Fun with Dick and Jane,38
1765,High Fidelity,23
1766,Kindergarten Cop,18
1767,Gothika,28
1768,Superman II,34
1769,25th Hour,36
1770,Legion,32
1771,Seven Years in Tibet,17
1772,Ed Wood,23
1773,The Signal,32
1774,The Time Machine,21
1775,Machete Kills,31
1776,Four Weddings and a Funeral,23
1777,The Ring Two,31
1778,Brothers,29
1779,The Crazies,29
1780,Daybreakers,29
1781,Hollow Man,34
1782,Wrong Turn,28
1783,Hero,21
1784,Eat Pray Love,39
1785,Nebraska,39
1786,Death Becomes Her,37
1787,Adaptation.,24
1788,Arthur and the Invisibles,35
1789,The November Man,31
1790,The Land Before Time,19
1791,Step Up 2: The Streets,26
1792,Pride and Prejudice and Zombies,31
1793,Let Me In,31
1794,Marie Antoinette,39
1795,"Good Morning, Vietnam",23
1796,The Curse of the Were-Rabbit,35
1797,Mr. Deeds,37
1798,Starsky & Hutch,37
1799,Hot Pursuit,29
1800,Conan the Barbarian,34
1801,Butch Cassidy and the Sundance Kid,17
1802,Memoirs of a Geisha,39
1803,Gremlins 2: The New Batch,19
1804,Hannibal Rising,31
1805,Bad Santa,12
1806,EuroTrip,37
1807,Open Season,35
1808,Metropolis,36
1809,To Kill a Mockingbird,36
1810,Primer,14
1811,Ronin,34
1812,We Are Your Friends,26
1813,The Exorcism of Emily Rose,31
1814,Before I Go to Sleep,32
1815,Team America: World Police,19
1816,Star Trek: First Contact,34
1817,Eddie the Eagle,26
1818,16 Blocks,29
1819,The Bodyguard,24
1820,Step Up Revolution,26
1821,Mr. Bean's Holiday,38
1822,Idiocracy,35
1823,Run Lola Run,14
1824,Thank You for Smoking,25
1825,Alvin and the Chipmunks: The Squeakquel,35
1826,The Boat That Rocked,39
1827,The Boxtrolls,35
1828,Reign of Fire,21
1829,Paranormal Activity 3,32
1830,The Ghost Writer,16
1831,The Lake House,26
1832,All Is Lost,29
1833,She's the Man,26
1834,My Big Fat Greek Wedding,22
1835,What's Your Number?,38
1836,It's Kind of a Funny Story,25
1837,Around the World in 80 Days,34
1838,Cape Fear,24
1839,Star Trek II: The Wrath of Khan,34
1840,From Paris with Love,29
1841,Rushmore,37
1842,Babylon A.D.,29
1843,Chicago,23
1844,House of Wax,16
1845,We Need to Talk About Kevin,39
1846,White Chicks,18
1847,Pete's Dragon,35
1848,Bad Grandpa,38
1849,Green Room,29
1850,Victor Frankenstein,31
1851,Doctor Dolittle,19
1852,"I, Frankenstein",32
1853,I Know What You Did Last Summer,28
1854,The Way Way Back,25
1855,Rambo III,21
1856,Dope,26
1857,Shanghai Knights,34
1858,Three Kings,34
1859,Priest,29
1860,Aloha,26
1861,Harold & Kumar Go to White Castle,37
1862,Australia,39
1863,Midnight Special,33
1864,The Smurfs 2,35
1865,Flubber,19
1866,K-PAX,36
1867,Killer Elite,33
1868,Munich,31
1869,The Princess Diaries 2: Royal Engagement,23
1870,The Bank Job,31
1871,Cheaper by the Dozen,37
1872,Seeking a Friend for the End of the World,26
1873,The Master,39
1874,Hard Candy,20
1875,The Nutty Professor,22
1876,Escape from New York,13
1877,Legend of the Guardians: The Owls of Ga'Hoole,35
1878,The Running Man,13
1879,Æon Flux,29
1880,The Best Offer,31
1881,Big Trouble in Little China,21
1882,The Hills Have Eyes,16
1883,Magic Mike XXL,27
1884,Extremely Loud & Incredibly Close,39
1885,Hairspray,27
1886,Galaxy Quest,19
1887,Nanny McPhee,35
1888,The Counselor,31
1889,Last Action Hero,34
1890,A Cinderella Story,37
1891,Lockout,29
1892,Sleepers,24
1893,Gandhi,36
1894,Vantage Point,29
1895,Erin Brockovich,36
1896,The Great Escape,17
1897,Green Zone,31
1898,New Year's Eve,27
1899,Before Sunset,22
1900,Walk the Line,39
1901,The Elephant Man,36
1902,The SpongeBob Movie: Sponge Out of Water,35
1903,Out of the Furnace,31
1904,The Great Beauty,39
1905,Jeepers Creepers,28
1906,Stranger Than Fiction,27
1907,Zack and Miri Make a Porno,38
1908,Saw VI,32
1909,Paranormal Activity 2,32
1910,The Incredible Burt Wonderstone,38
1911,Singin' in the Rain,22
1912,Wayne's World,37
1913,Predator 2,34
1914,Saw: The Final Chapter,32
1915,Shallow Hal,18
1916,The Last of the Mohicans,17
1917,Babe,19
1918,Bronson,29
1919,Attack the Block,29
1920,Shanghai Noon,34
1921,The Change-Up,27
1922,Scream 3,24
1923,Never Let Me Go,26
1924,21 & Over,38
1925,Adventureland,27
1926,Carnage,25
1927,Trading Places,18
1928,Aliens vs Predator: Requiem,29
1929,J. Edgar,31
1930,From Hell,24
1931,The Men Who Stare at Goats,38
1932,Killing Them Softly,29
1933,Evil Dead II,19
1934,Event Horizon,13
1935,Commando,21
1936,Mad Max Beyond Thunderdome,34
1937,True Romance,34
1938,Billy Elliot,23
1939,Scary Movie 4,38
1940,Bridget Jones: The Edge of Reason,18
1941,Mr. Popper's Penguins,38
1942,Happy Gilmore,37
1943,Clerks,37
1944,The Book of Life,35
1945,The Little Prince,35
1946,The Ninth Gate,24
1947,From Russia with Love,34
1948,Gamer,29
1949,St. Vincent,38
1950,Jarhead,39
1951,The Best of Me,39
1952,Savages,31
1953,"As Above, So Below",32
1954,The Punisher,24
1955,The Talented Mr. Ripley,24
1956,Lethal Weapon 4,34
1957,30 Days of Night,16
1958,S.W.A.T.,34
1959,Contraband,31
1960,The Thin Red Line,17
1961,Killers,29
1962,Flightplan,29
1963,Akira,10
1964,Along Came Polly,37
1965,Pandorum,33
1966,The Life Aquatic with Steve Zissou,23
1967,The Assassination of Jesse James by the Coward Robert Ford,31
1968,No Escape,29
1969,The Scorpion King,21
1970,Zathura: A Space Adventure,35
1971,Point Break,31
1972,Rush Hour 3,29
1973,The Longest Yard,39
1974,42,39
1975,Paul Blart: Mall Cop,35
1976,ParaNorman,35
1977,Master and Commander: The Far Side of the World,10
1978,Scary Movie 5,38
1979,Hotel Rwanda,17
1980,Poltergeist,24
1981,Shakespeare in Love,23
1982,Revolutionary Road,39
1983,Boogie Nights,36
1984,Zoolander 2,38
1985,Triple 9,16
1986,Almost Famous,36
1987,Movie 43,38
1988,August Rush,39
1989,The Time Traveler's Wife,39
1990,Willy Wonka & the Chocolate Factory,19
1991,Last Vegas,38
1992,Safe,29
1993,Some Like It Hot,18
1994,Fantasia,23
1995,Catwoman,13
1996,The Abyss,34
1997,Closer,22
1998,Lethal Weapon 3,34
1999,The Reader,39
2000,Devil,32
2001,The Prince of Egypt,19
2002,Into the Storm,29
2003,Selma,39
2004,The Virgin Suicides,22
2005,The Brothers Grimm,33
2006,Saw V,29
2007,Scooby-Doo,21
2008,Garfield,19
2009,Remember the Titans,36
2010,Concussion,39
2011,Safe Haven,39
2012,Dogma,10
2013,Colombiana,31
2014,The Girl Next Door,18
2015,Magnolia,36
2016,The Bone Collector,24
2017,Blackhat,31
2018,The Fountain,26
2019,Buried,29
2020,Cruel Intentions,14
2021,Dark City,13
2022,Spirit: Stallion of the Cimarron,19
2023,The Final Destination,32
2024,Kung Fu Hustle,21
2025,Patch Adams,30
2026,A History of Violence,29
2027,The Break-Up,38
2028,Premium Rush,29
2029,Inherent Vice,31
2030,Inside Llewyn Davis,20
2031,Rocky Balboa,20
2032,RockNRolla,31
2033,Jennifer's Body,38
2034,The Boondock Saints,34
2035,You've Got Mail,18
2036,Air Force One,34
2037,Scream 2,24
2038,The Wave,39
2039,Beowulf,33
2040,The Pacifier,29
2041,Mr. Peabody & Sherman,35
2042,Tucker and Dale vs Evil,38
2043,The Addams Family,19
2044,Eastern Promises,29
2045,Beastly,26
2046,Water for Elephants,39
2047,How to Lose a Guy in 10 Days,18
2048,Lawrence of Arabia,17
2049,Johnny English,21
2050,Ride Along,38
2051,Daddy's Home,38
2052,Young Frankenstein,37
2053,Deep Impact,23
2054,Bride Wars,38
2055,Modern Times,37
2056,The Road to El Dorado,19
2057,National Lampoon’s Van Wilder,37
2058,The Bounty Hunter,16
2059,Crank: High Voltage,29
2060,The World Is Not Enough,34
2061,Only God Forgives,29
2062,Rosemary's Baby,24
2063,The Passion of the Christ,36
2064,Tremors,13
2065,Rambo: First Blood Part II,21
2066,The Grudge,28
2067,Final Destination 5,32
2068,Spy Kids,19
2069,The Imaginarium of Doctor Parnassus,33
2070,Flushed Away,35
2071,Monster House,35
2072,Shame,20
2073,Homefront,29
2074,Big Daddy,37
2075,A Few Good Men,36
2076,Seven Samurai,36
2077,Freaky Friday,37
2078,Immortals,33
2079,Desperado,21
2080,The Watch,38
2081,Stoker,29
2082,Legally Blonde,37
2083,Paddington,38
2084,3 Days to Kill,31
2085,A Fistful of Dollars,5
2086,Melancholia,39
2087,Kiss Kiss Bang Bang,29
2088,Hostel,32
2089,The Neon Demon,16
2090,Blue Valentine,39
2091,The Karate Kid,36
2092,The Legend of Zorro,33
2093,Hot Tub Time Machine,35
2094,The Evil Dead,28
2095,Body of Lies,31
2096,This Is 40,27
2097,Bedtime Stories,35
2098,The Lincoln Lawyer,31
2099,Spaceballs,37
2100,Scream 4,16
2101,Saw IV,29
2102,The Next Three Days,31
2103,A Knight's Tale,23
2104,Robin Hood: Prince of Thieves,10
2105,We Bought a Zoo,27
2106,The Ides of March,20
2107,Scary Movie 3,37
2108,Jerry Maguire,23
2109,Charlie's Angels: Full Throttle,21
2110,Cloudy with a Chance of Meatballs 2,35
2111,As Good as It Gets,18
2112,21 Grams,24
2113,What's Eating Gilbert Grape,30
2114,The Deer Hunter,36
2115,Red Riding Hood,32
2116,Anchorman 2: The Legend Continues,27
2117,What Happens in Vegas,38
2118,The Three Musketeers,33
2119,Tomorrow Never Dies,34
2120,Man on a Ledge,29
2121,Ponyo,35
2122,The Hunt,39
2123,Alexander,17
2124,"Crouching Tiger, Hidden Dragon",23
2125,"Me, Myself & Irene",18
2126,Tower Heist,38
2127,Frankenweenie,35
2128,Swordfish,21
2129,Project Almanac,32
2130,The Descendants,39
2131,[REC],32
2132,13 Hours: The Secret Soldiers of Benghazi,31
2133,Raging Bull,36
2134,Dr. No,34
2135,The Sound of Music,23
2136,Get Hard,38
2137,Chicken Little,35
2138,The Lucky One,26
2139,Treasure Planet,19
2140,The Happening,32
2141,When Harry Met Sally...,22
2142,Burnt,20
2143,Twister,34
2144,Wild,39
2145,Chocolat,23
2146,The Crow,21
2147,Pan,33
2148,The Taking of Pelham 1 2 3,29
2149,Trance,29
2150,Mad Max 2: The Road Warrior,21
2151,The Hunt for Red October,34
2152,Seventh Son,35
2153,The Lives of Others,39
2154,Stuart Little,19
2155,Before Sunrise,22
2156,He's Just Not That Into You,27
2157,Beverly Hills Cop,21
2158,Abduction,29
2159,Miss Congeniality,23
2160,Bicentennial Man,1
2161,Teenage Mutant Ninja Turtles: Out of the Shadows,33
2162,Hitman,29
2163,Drag Me to Hell,32
2164,Eragon,35
2165,Gone with the Wind,23
2166,Secret Window,28
2167,The Ugly Truth,38
2168,Legend,31
2169,Final Destination 3,32
2170,P.S. I Love You,39
2171,One Day,39
2172,Rio 2,35
2173,27 Dresses,27
2174,Austin Powers in Goldmember,21
2175,DodgeBall: A True Underdog Story,37
2176,Scary Movie 2,37
2177,Ouija,32
2178,Insidious: Chapter 3,29
2179,Beautiful Creatures,39
2180,The Tree of Life,39
2181,Elf,19
2182,Goldfinger,34
2183,Philadelphia,36
2184,War Horse,39
2185,Waterworld,10
2186,What Women Want,18
2187,Big,19
2188,Goosebumps,35
2189,Enemy at the Gates,17
2190,The BFG,33
2191,The Wrestler,39
2192,The NeverEnding Story,19
2193,That Awkward Moment,38
2194,Blended,27
2195,Disturbia,29
2196,Johnny English Reborn,29
2197,Annie Hall,22
2198,Austin Powers: The Spy Who Shagged Me,21
2199,Valentine's Day,27
2200,Austin Powers: International Man of Mystery,21
2201,Dawn of the Dead,21
2202,A Walk to Remember,22
2203,Eagle Eye,33
2204,The Number 23,29
2205,Casper,19
2206,Vicky Cristina Barcelona,26
2207,Wild Wild West,21
2208,Superman,34
2209,The Angry Birds Movie,35
2210,The Boy Next Door,32
2211,Final Destination 2,28
2212,The Princess Diaries,23
2213,Journey 2: The Mysterious Island,29
2214,Halloween,28
2215,Downfall,17
2216,Magic Mike,39
2217,The Day the Earth Stood Still,29
2218,The Mechanic,29
2219,Dances with Wolves,10
2220,Unfriended,32
2221,The Spectacular Now,26
2222,You Don't Mess with the Zohan,16
2223,The Gift,16
2224,Atonement,39
2225,The Artist,26
2226,Office Space,37
2227,Oculus,32
2228,Get Smart,33
2229,Rush Hour 2,21
2230,Babel,39
2231,Mortdecai,38
2232,The Raid,29
2233,The Blair Witch Project,28
2234,Dracula,23
2235,Step Up,26
2236,Little Fockers,38
2237,Transporter 2,29
2238,Identity,28
2239,Phone Booth,6
2240,Step Brothers,38
2241,The Longest Ride,39
2242,The Lovely Bones,39
2243,The Blues Brothers,23
2244,Silent Hill,16
2245,Mud,39
2246,Money Monster,32
2247,Cube,21
2248,The Village,24
2249,Saw III,31
2250,Over the Hedge,35
2251,Airplane!,37
2252,Turbo,35
2253,It's a Wonderful Life,10
2254,Amadeus,17
2255,Road to Perdition,24
2256,Vanilla Sky,24
2257,The Road,39
2258,Self/less,16
2259,Die Another Day,34
2260,A Christmas Carol,0
2261,Blue Jasmine,25
2262,Close Encounters of the Third Kind,36
2263,The Patriot,17
2264,Ace Ventura: When Nature Calls,21
2265,Being John Malkovich,23
2266,The Butler,39
2267,Under the Skin,31
2268,The Boy,32
2269,Still Alice,20
2270,Match Point,31
2271,The Bucket List,25
2272,"O Brother, Where Art Thou?",21
2273,Bridge to Terabithia,35
2274,Unforgiven,9
2275,Mirror Mirror,35
2276,Red Dragon,24
2277,True Lies,34
2278,The Walk,31
2279,Epic,35
2280,Date Night,38
2281,Invictus,39
2282,Dumb and Dumber To,27
2283,Once Upon a Time in the West,9
2284,American Wedding,37
2285,The Hunchback of Notre Dame,19
2286,Lights Out,32
2287,Changeling,31
2288,A Walk Among the Tombstones,31
2289,Ghost Rider: Spirit of Vengeance,29
2290,Snitch,39
2291,Meet Joe Black,24
2292,Donnie Brasco,24
2293,Insomnia,24
2294,Pineapple Express,16
2295,Run All Night,31
2296,Crash,36
2297,Chicken Run,19
2298,Machete,29
2299,The Last Airbender,35
2300,Crank,29
2301,Evan Almighty,35
2302,The League of Extraordinary Gentlemen,34
2303,Kingdom of Heaven,33
2304,Unstoppable,29
2305,Perfume: The Story of a Murderer,31
2306,End of Watch,31
2307,Bee Movie,35
2308,Forgetting Sarah Marshall,27
2309,Jack Ryan: Shadow Recruit,29
2310,Valkyrie,31
2311,GoldenEye,34
2312,Death Race,29
2313,Fantastic Mr. Fox,35
2314,Alvin and the Chipmunks,35
2315,The Smurfs,35
2316,A Nightmare on Elm Street,28
2317,Trainwreck,27
2318,Sunshine,16
2319,Mary Poppins,10
2320,The Mask of Zorro,10
2321,Stardust,33
2322,3:10 to Yuma,39
2323,Surrogates,29
2324,Vacation,38
2325,Big Eyes,20
2326,28 Weeks Later,32
2327,How to Be Single,27
2328,13 Going on 30,22
2329,Up in the Air,39
2330,Platoon,17
2331,Predators,33
2332,Seven Psychopaths,27
2333,The Woman in Black,29
2334,Mad Max,21
2335,Brooklyn,39
2336,Knocked Up,27
2337,AVP: Alien vs. Predator,21
2338,Let's Be Cops,38
2339,The Fugitive,34
2340,Apocalypto,31
2341,Burn After Reading,25
2342,Finding Neverland,22
2343,Atlantis: The Lost Empire,19
2344,The Holiday,27
2345,Saving Mr. Banks,39
2346,Charlie's Angels,21
2347,Love & Other Drugs,27
2348,The Beach,23
2349,Eyes Wide Shut,36
2350,Enemy of the State,24
2351,Black Mass,39
2352,Planet of the Apes,34
2353,The Princess and the Frog,35
2354,The Machinist,6
2355,The Green Hornet,31
2356,Saw II,32
2357,Blade: Trinity,34
2358,Bad Moms,38
2359,The Call,29
2360,R.I.P.D.,29
2361,50/50,25
2362,Orphan,16
2363,Notting Hill,23
2364,9,29
2365,Dear John,39
2366,Hanna,33
2367,Serenity,33
2368,Unknown,16
2369,Panic Room,24
2370,Pompeii,29
2371,Resident Evil: Apocalypse,13
2372,Abraham Lincoln: Vampire Hunter,29
2373,Con Air,34
2374,Antz,19
2375,Warrior,39
2376,In the Heart of the Sea,31
2377,Gods of Egypt,33
2378,The Royal Tenenbaums,30
2379,Sin City: A Dame to Kill For,29
2380,Space Jam,19
2381,Resident Evil: Extinction,29
2382,The Vow,26
2383,Moulin Rouge!,23
2384,Fear and Loathing in Las Vegas,23
2385,The Golden Compass,33
2386,The Purge: Election Year,29
2387,Casino,36
2388,Contact,24
2389,Journey to the Center of the Earth,35
2390,"Hail, Caesar!",26
2391,L.A. Confidential,24
2392,Lilo & Stitch,19
2393,The Hitchhiker's Guide to the Galaxy,33
2394,Paranormal Activity,32
2395,The Last Witch Hunter,29
2396,Blow,36
2397,The DUFF,38
2398,Lucky Number Slevin,31
2399,Side Effects,29
2400,Contagion,29
2401,47 Ronin,33
2402,No Strings Attached,27
2403,Robots,35
2404,Lord of War,31
2405,Zoolander,37
2406,Ghost,24
2407,Marley & Me,27
2408,1408,32
2409,American Pie 2,18
2410,Public Enemies,31
2411,Safe House,16
2412,Penguins of Madagascar,35
2413,17 Again,38
2414,Pinocchio,19
2415,Straight Outta Compton,39
2416,Bridget Jones's Diary,22
2417,Pride & Prejudice,39
2418,The Visit,32
2419,Resident Evil: Afterlife,29
2420,Alien: Resurrection,34
2421,If I Stay,20
2422,Meet the Fockers,18
2423,Romeo + Juliet,30
2424,The Devil's Advocate,24
2425,21,39
2426,Final Destination,28
2427,Moneyball,39
2428,The Other Guys,31
2429,The Untouchables,24
2430,Mamma Mia!,27
2431,Coraline,35
2432,How the Grinch Stole Christmas,19
2433,In Bruges,31
2434,This Means War,26
2435,Robin Hood,33
2436,The Mist,16
2437,Superman Returns,33
2438,Unbroken,39
2439,Mama,32
2440,Bambi,19
2441,Dirty Grandpa,38
2442,Happy Feet,27
2443,School of Rock,18
2444,The Judge,39
2445,Lara Croft Tomb Raider: The Cradle of Life,34
2446,Batman & Robin,34
2447,Casablanca,22
2448,Mystic River,24
2449,Monsters vs Aliens,35
2450,xXx,34
2451,Liar Liar,37
2452,Underworld: Rise of the Lycans,29
2453,Lincoln,39
2454,Wrath of the Titans,35
2455,Anastasia,19
2456,The Witch,32
2457,The Iron Giant,19
2458,The Other Woman,27
2459,Dr. Strangelove or: How I Learned to Stop Worrying and Love the Bomb,22
2460,Beetlejuice,37
2461,Battle: Los Angeles,16
2462,Enchanted,27
2463,Collateral,24
2464,The Boy in the Striped Pyjamas,20
2465,The Grey,31
2466,Parker,16
2467,The Rock,34
2468,Pocahontas,19
2469,Shooter,31
2470,Neighbors 2: Sorority Rising,38
2471,Carrie,20
2472,The Town,31
2473,The Sorcerer's Apprentice,33
2474,The Polar Express,19
2475,Scream,24
2476,Mulholland Drive,24
2477,Brokeback Mountain,39
2478,Gone in Sixty Seconds,34
2479,Knowing,33
2480,The Princess Bride,19
2481,Law Abiding Citizen,31
2482,The Fighter,39
2483,First Blood,21
2484,The Aviator,36
2485,The Emperor's New Groove,19
2486,Anchorman: The Legend of Ron Burgundy,37
2487,Hotel Transylvania 2,35
2488,Batman Forever,34
2489,American Gangster,39
2490,The Game,24
2491,Mars Attacks!,19
2492,Jackie Brown,23
2493,The Chronicles of Narnia: The Voyage of the Dawn Treader,33
2494,Interview with the Vampire,23
2495,Annabelle,32
2496,Home,35
2497,Need for Speed,31
2498,Stand by Me,12
2499,The Huntsman: Winter's War,33
2500,The Monuments Men,31
2501,Lone Survivor,31
2502,Hellboy II: The Golden Army,33
2503,Underworld: Evolution,29
2504,Blade II,34
2505,Hook,10
2506,Hulk,17
2507,Horrible Bosses 2,27
2508,There Will Be Blood,39
2509,Just Go with It,27
2510,The Godfather: Part III,24
2511,Knight and Day,16
2512,Spring Breakers,20
2513,Equilibrium,34
2514,Man on Fire,24
2515,Shark Tale,19
2516,Starship Troopers,34
2517,Project X,38
2518,Bad Boys II,34
2519,I Am Number Four,33
2520,The Shallows,29
2521,The Chronicles of Riddick,10
2522,Steve Jobs,39
2523,Sinister,16
2524,Pain & Gain,31
2525,The Heat,31
2526,Borat: Cultural Learnings of America for Make Benefit Glorious Nation of Kazakhstan,38
2527,Joy,39
2528,Grease,23
2529,Face/Off,34
2530,Bad Teacher,38
2531,The Thing,24
2532,2 Guns,31
2533,There's Something About Mary,18
2534,Mrs. Doubtfire,23
2535,Gremlins,19
2536,The Blind Side,39
2537,Signs,14
2538,Apollo 13,36
2539,Resident Evil: Retribution,29
2540,The Mortal Instruments: City of Bones,33
2541,From Dusk Till Dawn,34
2542,Kung Fu Panda 3,35
2543,American Reunion,27
2544,The Illusionist,31
2545,London Has Fallen,29
2546,Sucker Punch,33
2547,8 Mile,36
2548,Inside Man,31
2549,The Chronicles of Narnia: Prince Caspian,33
2550,Alien³,34
2551,Training Day,24
2552,The Wizard of Oz,19
2553,Percy Jackson: Sea of Monsters,35
2554,"Lock, Stock and Two Smoking Barrels",37
2555,Ace Ventura: Pet Detective,37
2556,Central Intelligence,16
2557,Into the Woods,27
2558,The Adjustment Bureau,29
2559,The Place Beyond the Pines,39
2560,The Internship,27
2561,Escape Plan,16
2562,Bridesmaids,27
2563,Moonrise Kingdom,26
2564,Hitch,27
2565,Tropic Thunder,16
2566,True Grit,33
2567,Batman Returns,10
2568,Hercules,29
2569,Due Date,25
2570,Little Miss Sunshine,25
2571,The Transporter,21
2572,Sex Tape,38
2573,Top Gun,17
2574,Meet the Parents,18
2575,The Tourist,29
2576,Bad Boys,34
2577,10 Things I Hate About You,22
2578,Zero Dark Thirty,31
2579,Grown Ups,38
2580,The Fast and the Furious: Tokyo Drift,29
2581,Monty Python and the Holy Grail,19
2582,Rain Man,36
2583,Total Recall,34
2584,Ghost Rider,33
2585,Hachi: A Dog's Tale,0
2586,Evil Dead,32
2587,Alice Through the Looking Glass,33
2588,The Good Dinosaur,35
2589,Insidious,32
2590,The Dictator,38
2591,Pretty Woman,18
2592,Cloudy with a Chance of Meatballs,35
2593,Bolt,35
2594,The Island,33
2595,Everest,39
2596,28 Days Later,34
2597,The World's End,33
2598,Gangster Squad,31
2599,Speed,34
2600,Pitch Black,34
2601,Paul,35
2602,Pearl Harbor,17
2603,Rocky,36
2604,Moon,20
2605,The Expendables 3,33
2606,The Giver,20
2607,Jumper,35
2608,The Proposal,27
2609,Gattaca,21
2610,Madagascar 3: Europe's Most Wanted,35
2611,Madagascar: Escape 2 Africa,35
2612,Black Hawk Down,17
2613,Yes Man,38
2614,City of God,36
2615,The Host,33
2616,It Follows,32
2617,The Hurt Locker,31
2618,Night at the Museum: Secret of the Tomb,35
2619,Dumb and Dumber,18
2620,Underworld: Awakening,29
2621,The Pianist,36
2622,Love Actually,23
2623,Kung Fu Panda 2,35
2624,The Intern,27
2625,Les Misérables,39
2626,White House Down,31
2627,Corpse Bride,26
2628,Lost in Translation,22
2629,The Last Samurai,17
2630,Die Hard 2,34
2631,Blade,34
2632,The Terminal,30
2633,The Help,39
2634,Gangs of New York,17
2635,Snow White and the Seven Dwarfs,19
2636,Creed,39
2637,Megamind,35
2638,The Italian Job,24
2639,Exodus: Gods and Kings,33
2640,Rise of the Guardians,35
2641,National Treasure,34
2642,Mission: Impossible II,34
2643,Chronicle,29
2644,Paper Towns,31
2645,Pitch Perfect 2,27
2646,Dredd,29
2647,Oldboy,24
2648,The 5th Wave,33
2649,Unbreakable,14
2650,The Conjuring 2,16
2651,The Purge: Anarchy,32
2652,Shrek Forever After,35
2653,G.I. Joe: The Rise of Cobra,33
2654,Night at the Museum: Battle of the Smithsonian,35
2655,Boyhood,39
2656,A.I. Artificial Intelligence,10
2657,Princess Mononoke,10
2658,The 40 Year Old Virgin,27
2659,Midnight in Paris,26
2660,The Age of Adaline,39
2661,Howl's Moving Castle,10
2662,Big Fish,10
2663,Allegiant,33
2664,Ocean's Thirteen,31
2665,The Exorcist,24
2666,Mulan,19
2667,Percy Jackson & the Olympians: The Lightning Thief,33
2668,Zodiac,31
2669,The Impossible,39
2670,Mission: Impossible III,33
2671,2 Fast 2 Furious,34
2672,Cars 2,35
2673,Riddick,33
2674,Seven Pounds,39
2675,Rango,33
2676,Apocalypse Now,36
2677,The Butterfly Effect,10
2678,The Adventures of Tintin,33
2679,Resident Evil,13
2680,Die Hard: With a Vengeance,34
2681,American Psycho,14
2682,Southpaw,39
2683,Children of Men,31
2684,Jurassic Park III,21
2685,12 Angry Men,22
2686,Live Free or Die Hard,16
2687,Predator,34
2688,Salt,29
2689,Batman,10
2690,Superbad,27
2691,Click,27
2692,50 First Dates,37
2693,Battleship,33
2694,Ocean's Twelve,24
2695,John Carter,33
2696,Scott Pilgrim vs. the World,33
2697,Angels & Demons,16
2698,Hugo,33
2699,Ghostbusters,33
2700,Terminator 3: Rise of the Machines,34
2701,The Book of Eli,33
2702,Rio,35
2703,Nerve,29
2704,Saw,28
2705,Lara Croft: Tomb Raider,21
2706,Hot Fuzz,31
2707,Taken 3,16
2708,The Mummy Returns,34
2709,Easy A,38
2710,Kick-Ass 2,29
2711,Hellboy,34
2712,Clash of the Titans,29
2713,Friends with Benefits,27
2714,Sausage Party,35
2715,Juno,26
2716,Pitch Perfect,27
2717,Cloverfield,29
2718,The Cabin in the Woods,32
2719,The Simpsons Movie,35
2720,The Man from U.N.C.L.E.,33
2721,Non-Stop,29
2722,Warcraft,33
2723,Ice Age: Dawn of the Dinosaurs,35
2724,Rush,39
2725,Horrible Bosses,38
2726,Shrek the Third,35
2727,Fantastic Four,29
2728,Blood Diamond,31
2729,Transcendence,31
2730,American Pie,37
2731,The Twilight Saga: Eclipse,16
2732,Groundhog Day,22
2733,A Bug's Life,19
2734,Ender's Game,33
2735,The Interview,16
2736,The Lone Ranger,33
2737,"The Good, the Bad and the Ugly",9
2738,Prince of Persia: The Sands of Time,33
2739,Mean Girls,37
2740,Dark Shadows,27
2741,Psycho,24
2742,War of the Worlds,33
2743,King Kong,33
2744,Jason Bourne,16
2745,RoboCop,29
2746,Noah,39
2747,This Is the End,16
2748,Cinderella,26
2749,Dracula Untold,29
2750,The Day After Tomorrow,34
2751,Home Alone 2: Lost in New York,10
2752,300: Rise of an Empire,29
2753,The Croods,35
2754,Home Alone,37
2755,Flight,39
2756,Sicario,31
2757,Shaun of the Dead,11
2758,The Purge,32
2759,The Legend of Tarzan,33
2760,The Girl with the Dragon Tattoo,31
2761,Super 8,33
2762,The Twilight Saga: New Moon,16
2763,Fast Five,31
2764,Million Dollar Baby,36
2765,"Crazy, Stupid, Love.",27
2766,Requiem for a Dream,12
2767,Captain Phillips,31
2768,Terminator Salvation,33
2769,Ted 2,27
2770,10 Cloverfield Lane,29
2771,The Mask,22
2772,Armageddon,34
2773,The Lost World: Jurassic Park,34
2774,Green Lantern,33
2775,Independence Day: Resurgence,33
2776,Indiana Jones and the Kingdom of the Crystal Skull,33
2777,Underworld,34
2778,Pixels,29
2779,The Pursuit of Happyness,39
2780,Wanted,31
2781,After Earth,29
2782,Taxi Driver,36
2783,Focus,26
2784,Jaws,34
2785,The Twilight Saga: Breaking Dawn - Part 2,16
2786,Me Before You,39
2787,Hotel Transylvania,35
2788,Star Trek Beyond,33
2789,Bridge of Spies,39
2790,Fantastic 4: Rise of the Silver Surfer,29
2791,Jack the Giant Slayer,33
2792,127 Hours,29
2793,The Big Short,39
2794,Minority Report,34
2795,"The Chronicles of Narnia: The Lion, the Witch and the Wardrobe",33
2796,Mission: Impossible,34
2797,Teenage Mutant Ninja Turtles,35
2798,The Bourne Legacy,16
2799,Warm Bodies,26
2800,Trainspotting,12
2801,Ice Age: Continental Drift,35
2802,Spotlight,31
2803,Sin City,31
2804,Real Steel,33
2805,Source Code,29
2806,The Da Vinci Code,16
2807,Dead Poets Society,36
2808,Neighbors,38
2809,The King's Speech,39
2810,Room,39
2811,Taken 2,29
2812,Troy,17
2813,Jupiter Ascending,33
2814,Indiana Jones and the Temple of Doom,10
2815,American Hustle,39
2816,RED,33
2817,Watchmen,33
2818,Good Will Hunting,36
2819,The Bourne Supremacy,24
2820,Slumdog Millionaire,39
2821,TRON: Legacy,33
2822,Tomorrowland,33
2823,Snowpiercer,33
2824,Night at the Museum,33
2825,Dallas Buyers Club,39
2826,The Bourne Ultimatum,31
2827,The Jungle Book,35
2828,The Expendables 2,29
2829,Back to the Future Part III,10
2830,(500) Days of Summer,26
2831,Snatch,14
2832,One Flew Over the Cuckoo's Nest,36
2833,The Expendables,29
2834,The Big Lebowski,18
2835,Scarface,24
2836,Ice Age: The Meltdown,35
2837,The Equalizer,31
2838,Hancock,29
2839,Mr. & Mrs. Smith,31
2840,Quantum of Solace,29
2841,San Andreas,31
2842,The Perks of Being a Wallflower,26
2843,We're the Millers,27
2844,Cloud Atlas,39
2845,Olympus Has Fallen,16
2846,Shrek 2,19
2847,2001: A Space Odyssey,34
2848,Jack Reacher,31
2849,No Country for Old Men,31
2850,A Beautiful Mind,30
2851,Bruce Almighty,37
2852,American History X,36
2853,The Incredible Hulk,33
2854,G.I. Joe: Retaliation,33
2855,Maze Runner: The Scorch Trials,16
2856,Pan's Labyrinth,33
2857,Into the Wild,39
2858,Chappie,33
2859,The Notebook,30
2860,The Lego Movie,35
2861,Prisoners,31
2862,Gran Torino,39
2863,The Devil Wears Prada,27
2864,The Conjuring,16
2865,Transformers: Age of Extinction,33
2866,The Matrix Revolutions,34
2867,How to Train Your Dragon 2,35
2868,Men in Black II,21
2869,Snow White and the Huntsman,33
2870,GoodFellas,36
2871,Transformers: Revenge of the Fallen,33
2872,The Secret Life of Walter Mitty,33
2873,Kung Fu Panda,35
2874,The Sixth Sense,24
2875,Indiana Jones and the Last Crusade,10
2876,Cast Away,10
2877,Aliens,34
2878,Mission: Impossible - Rogue Nation,33
2879,Now You See Me 2,31
2880,Madagascar,35
2881,Hansel & Gretel: Witch Hunters,29
2882,Fifty Shades of Grey,31
2883,The Usual Suspects,14
2884,Independence Day,34
2885,E.T. the Extra-Terrestrial,10
2886,The Curious Case of Benjamin Button,31
2887,Transformers: Dark of the Moon,33
2888,Amélie,18
2889,The Theory of Everything,39
2890,American Beauty,36
2891,22 Jump Street,31
2892,Tangled,35
2893,Braveheart,17
2894,The Godfather: Part II,36
2895,District 9,33
2896,The Social Network,39
2897,Nightcrawler,31
2898,Aladdin,19
2899,In Time,33
2900,Argo,39
2901,The Fast and the Furious,21
2902,Elysium,33
2903,The Matrix Reloaded,34
2904,Donnie Darko,24
2905,The Secret Life of Pets,35
2906,A Good Day to Die Hard,29
2907,X2,34
2908,Blade Runner,24
2909,X-Men: The Last Stand,29
2910,Monsters University,35
2911,Oz: The Great and Powerful,33
2912,Zombieland,38
2913,Twilight,16
2914,Spider-Man 3,33
2915,The Bourne Identity,24
2916,Edward Scissorhands,22
2917,Charlie and the Chocolate Factory,33
2918,Terminator Genisys,33
2919,Eternal Sunshine of the Spotless Mind,23
2920,12 Years a Slave,39
2921,Reservoir Dogs,14
2922,Drive,29
2923,The Hangover Part II,38
2924,The Shining,24
2925,The Fault in Our Stars,39
2926,The Great Gatsby,39
2927,Ocean's Eleven,24
2928,"I, Robot",10
2929,Catch Me If You Can,36
2930,Toy Story 2,19
2931,Back to the Future Part II,10
2932,Insurgent,33
2933,Spirited Away,10
2934,Raiders of the Lost Ark,10
2935,Casino Royale,33
2936,Ice Age,19
2937,Cars,33
2938,The Fifth Element,34
2939,Sherlock Holmes: A Game of Shadows,33
2940,Fury,31
2941,Kill Bill: Vol. 2,34
2942,Die Hard,34
2943,Mission: Impossible - Ghost Protocol,33
2944,The Hunger Games: Mockingjay - Part 2,33
2945,Star Wars: Episode II - Attack of the Clones,34
2946,X-Men Origins: Wolverine,33
2947,Memento,24
2948,Transformers,33
2949,The Green Mile,24
2950,The Wolverine,33
2951,Shrek,19
2952,21 Jump Street,31
2953,Her,39
2954,X-Men,21
2955,Star Wars: Episode III - Revenge of the Sith,33
2956,The Terminator,34
2957,Men in Black 3,29
2958,Furious 7,16
2959,The Amazing Spider-Man 2,33
2960,Terminator 2: Judgment Day,34
2961,How to Train Your Dragon,35
2962,Whiplash,20
2963,The Hateful Eight,31
2964,Spider-Man 2,34
2965,Schindler's List,17
2966,The Departed,31
2967,Rise of the Planet of the Apes,29
2968,Ratatouille,33
2969,Taken,29
2970,The Prestige,31
2971,Dawn of the Planet of the Apes,31
2972,Men in Black,21
2973,Star Trek Into Darkness,33
2974,Black Swan,39
2975,Star Wars: Episode I - The Phantom Menace,34
2976,V for Vendetta,33
2977,The Silence of the Lambs,24
2978,Spectre,33
2979,American Sniper,16
2980,Alien,34
2981,Maleficent,35
2982,Pirates of the Caribbean: At World's End,33
2983,Star Trek,33
2984,The Grand Budapest Hotel,25
2985,The Hobbit: The Desolation of Smaug,33
2986,Birdman,39
2987,The Truman Show,37
2988,Wreck-It Ralph,33
2989,Minions,35
2990,Toy Story 3,35
2991,Despicable Me 2,35
2992,Brave,35
2993,Alice in Wonderland,33
2994,Kick-Ass,16
2995,Divergent,33
2996,Return of the Jedi,34
2997,Looper,33
2998,Ted,38
2999,X-Men: Apocalypse,33
3000,Ex Machina,39
3001,Silver Linings Playbook,27
3002,Thor: The Dark World,33
3003,The Hobbit: The Battle of the Five Armies,33
3004,Pacific Rim,33
3005,Oblivion,33
3006,I Am Legend,29
3007,Jurassic Park,10
3008,Edge of Tomorrow,16
3009,2012,33
3010,Pirates of the Caribbean: On Stranger Tides,33
3011,Kill Bill: Vol. 1,24
3012,300,33
3013,Saving Private Ryan,17
3014,Prometheus,33
3015,The Incredibles,34
3016,X-Men: First Class,33
3017,Pirates of the Caribbean: Dead Man's Chest,33
3018,Spider-Man,10
3019,Toy Story,19
3020,Harry Potter and the Half-Blood Prince,33
3021,Frozen,35
3022,The Maze Runner,33
3023,The Lion King,19
3024,Gladiator,17
3025,Now You See Me,31
3026,Harry Potter and the Order of the Phoenix,33
3027,World War Z,33
3028,The Hunger Games: Mockingjay - Part 1,33
3029,Harry Potter and the Goblet of Fire,33
3030,The Imitation Game,31
3031,Gravity,29
3032,Captain America: The Winter Soldier,33
3033,Se7en,24
3034,Sherlock Holmes,33
3035,Life of Pi,33
3036,Harry Potter and the Chamber of Secrets,10
3037,Gone Girl,31
3038,Harry Potter and the Prisoner of Azkaban,10
3039,Lucy,29
3040,The Empire Strikes Back,34
3041,Ant-Man,33
3042,The Godfather,36
3043,"Monsters, Inc.",19
3044,X-Men: Days of Future Past,33
3045,Back to the Future,10
3046,Finding Nemo,19
3047,Big Hero 6,35
3048,The Hangover,38
3049,WALL·E,35
3050,Shutter Island,31
3051,Man of Steel,33
3052,The Revenant,31
3053,Inglourious Basterds,31
3054,Despicable Me,35
3055,The Hunger Games: Catching Fire,33
3056,Thor,33
3057,Inside Out,26
3058,The Wolf of Wall Street,31
3059,The Amazing Spider-Man,33
3060,Star Wars,34
3061,Avengers: Age of Ultron,33
3062,Iron Man 2,33
3063,Up,35
3064,Pirates of the Caribbean: The Curse of the Black Pearl,34
3065,Batman v Superman: Dawn of Justice,33
3066,Harry Potter and the Philosopher's Stone,10
3067,Captain America: The First Avenger,33
3068,Captain America: Civil War,33
3069,The Martian,33
3070,Batman Begins,31
3071,Suicide Squad,33
3072,The Lord of the Rings: The Two Towers,34
3073,Titanic,24
3074,Skyfall,33
3075,Forrest Gump,23
3076,The Lord of the Rings: The Return of the King,34
3077,The Shawshank Redemption,36
3078,The Hobbit: An Unexpected Journey,33
3079,Pulp Fiction,24
3080,Jurassic World,33
3081,The Lord of the Rings: The Fellowship of the Ring,34
3082,Iron Man,33
3083,Iron Man 3,33
3084,The Matrix,10
3085,The Dark Knight Rises,31
3086,Fight Club,36
3087,Mad Max: Fury Road,33
3088,The Hunger Games,33
3089,Guardians of the Galaxy,33
3090,Django Unchained,39
3091,Interstellar,33
3092,Deadpool,33
3093,The Avengers,33
3094,Avatar,33
3095,The Dark Knight,31
3096,Inception,33
